Date,City,PM2.5,PM10,NO,NO2,NOx,NH3,CO,SO2,O3,AQI,AQI_Bucket
01-01-2015,Ahmedabad,,,0.92,18.22,17.15,,0.92,27.64,133.36,,
01-02-2015,Ahmedabad,,,0.97,15.69,16.46,,0.97,24.55,34.06,,
01-03-2015,Ahmedabad,,,17.4,19.3,29.7,,17.4,29.07,30.7,,
01-04-2015,Ahmedabad,,,1.7,18.48,17.97,,1.7,18.59,36.08,,
01-05-2015,Ahmedabad,,,22.1,21.42,37.76,,22.1,39.33,39.31,,
01-06-2015,Ahmedabad,,,45.41,38.48,81.5,,45.41,45.76,46.51,,
01-07-2015,Ahmedabad,,,112.16,40.62,130.77,,112.16,32.28,33.47,,
01-08-2015,Ahmedabad,,,80.87,36.74,96.75,,80.87,38.54,31.89,,
01-09-2015,Ahmedabad,,,29.16,31,48,,29.16,58.68,25.75,,
01-10-2015,Ahmedabad,,,,7.04,0,,,8.29,4.55,,
01-11-2015,Ahmedabad,,,132.07,55.8,24.53,,132.07,25.03,6.79,,
01-12-2015,Ahmedabad,,,52.04,40.67,90.24,,52.04,51.84,45.89,,
1/13/2015,Ahmedabad,,,48.82,44.2,87.09,,48.82,68.21,35.16,,
1/14/2015,Ahmedabad,,,19.2,27.86,33.05,,19.2,52.65,20.96,,
1/15/2015,Ahmedabad,,,0.6,16.96,16.6,,0.6,28.89,47.63,,
1/16/2015,Ahmedabad,,,1.63,21.72,22.86,,1.63,38.27,46.03,,
1/17/2015,Ahmedabad,,,11.44,24.73,34.75,,11.44,49.5,52.24,,
1/18/2015,Ahmedabad,,,6.1,25.77,29.57,,6.1,48.43,53.49,,
1/19/2015,Ahmedabad,,,2.51,26.88,27.45,,2.51,50.03,49.48,,
1/20/2015,Ahmedabad,,,7.92,26.8,32.4,,7.92,58.87,56.37,,
1/21/2015,Ahmedabad,,,9.52,33.56,39.28,,9.52,106.93,48.75,,
1/22/2015,Ahmedabad,,,9.05,17.51,22.33,,9.05,23.71,42.22,,
1/23/2015,Ahmedabad,,,22.53,27.96,47.79,,22.53,39.19,32.92,,
1/24/2015,Ahmedabad,,,2.03,20.39,21.4,,2.03,40.07,32.49,,
1/25/2015,Ahmedabad,,,1.42,20.43,20.19,,1.42,58.41,39.26,,
1/26/2015,Ahmedabad,,,2.27,21.16,21.81,,2.27,43.73,39.83,,
1/27/2015,Ahmedabad,,,2.19,21.7,23.26,,2.19,43.28,41.1,,
1/28/2015,Ahmedabad,73.24,,5.72,21.11,25.84,,5.72,36.52,62.42,,
1/29/2015,Ahmedabad,83.13,,6.93,28.71,33.72,,6.93,49.52,59.76,209,Poor
1/30/2015,Ahmedabad,79.84,,13.85,28.68,41.08,,13.85,48.49,97.07,328,Very Poor
03-11-2020,Aizawl,32.69,47.91,6.99,2.85,11.93,26.64,0.6,4.53,4.48,,
03-12-2020,Aizawl,31.21,38.66,7.2,1.27,10.65,25.63,0.56,4.22,2.81,52,Satisfactory
3/13/2020,Aizawl,38.39,46.68,7.19,0.91,10.37,29.16,0.57,4.46,0.18,60,Satisfactory
3/14/2020,Aizawl,43.23,50.83,7.14,1.07,10.48,28.95,0.57,4.53,0.41,62,Satisfactory
3/15/2020,Aizawl,33.82,41.03,7.09,0.36,9.73,28.41,0.48,4.63,0.3,70,Satisfactory
3/16/2020,Aizawl,27.14,35.04,5.63,2.32,8.09,23.98,0.5,4.71,13.02,54,Satisfactory
3/17/2020,Aizawl,27.32,35.75,3.07,2.14,3.41,24.57,0.48,4.84,6.03,40,Good
3/18/2020,Aizawl,31.76,41.51,3,1.48,5.24,23.42,0.47,5.04,8.76,51,Satisfactory
3/19/2020,Aizawl,43.8,53.59,2.97,1.31,4.97,23.41,0.48,5.3,9.96,63,Satisfactory
3/20/2020,Aizawl,35.48,44.02,3.01,0.83,4.64,24.85,0.49,5.32,6.43,69,Satisfactory
3/21/2020,Aizawl,51.27,60.05,3.01,0.88,4.62,24.44,0.49,5.63,8.62,70,Satisfactory
3/22/2020,Aizawl,33.24,40.33,2.93,0.13,3.65,18.55,0.37,5.41,5.64,71,Satisfactory
3/23/2020,Aizawl,35.34,41.55,2.98,0.16,3.71,20.24,0.32,5.63,5.73,53,Satisfactory
3/24/2020,Aizawl,47.34,56.65,2.96,0.14,3.66,20.21,0.37,6.17,5.59,66,Satisfactory
3/25/2020,Aizawl,53.64,62.86,2.96,0.17,3.77,25.43,0.44,6.75,6.44,92,Satisfactory
3/26/2020,Aizawl,54.9,62.7,2.96,0.13,3.69,25.48,0.42,6.8,5.87,89,Satisfactory
3/27/2020,Aizawl,44.64,53.86,2.94,0.11,3.59,28.26,0.4,7.34,6.42,82,Satisfactory
3/28/2020,Aizawl,51.33,60.03,2.92,0.35,3.89,29.89,0.44,7.69,8.76,71,Satisfactory
3/29/2020,Aizawl,34.54,41.95,2.93,0.13,3.64,28.47,0.36,7.8,7.99,81,Satisfactory
3/30/2020,Aizawl,39.47,48.07,2.93,0.24,3.79,29.05,0.42,7.67,7.4,60,Satisfactory
3/31/2020,Aizawl,27.27,33.9,2.95,0.25,3.8,30.99,0.4,7.9,6.74,51,Satisfactory
04-01-2020,Aizawl,38.6,49.19,2.98,0.26,3.94,32.95,0.45,8.11,6.12,62,Satisfactory
04-02-2020,Aizawl,36.22,48.66,2.93,0.25,3.86,32.94,0.4,8.36,9.24,64,Satisfactory
04-03-2020,Aizawl,30.35,39.84,2.9,0.21,3.75,23.37,0.29,8.25,10.87,54,Satisfactory
04-04-2020,Aizawl,24.05,41.95,2.97,0.25,3.79,21.6,0.26,8.16,11.09,43,Good
04-05-2020,Aizawl,26.47,33.51,2.96,0.08,3.5,26,0.31,8.79,5.76,44,Good
04-06-2020,Aizawl,35.13,43.65,2.96,0.15,3.69,25.1,0.31,8.49,7.94,48,Good
04-07-2020,Aizawl,33.19,42.17,2.92,0.3,3.85,22.71,0.3,8.78,13.38,61,Satisfactory
04-08-2020,Aizawl,24.92,31.74,2.97,0.18,3.74,23.73,0.27,8.69,9.67,45,Good
04-09-2020,Aizawl,39.15,45.79,3.32,0.31,4.47,22.95,0.39,7.81,7.66,59,Satisfactory
11/24/2017,Amaravati,71.36,115.75,1.75,20.65,12.4,12.19,0.1,10.76,109.26,,
11/25/2017,Amaravati,81.4,124.5,1.44,20.5,12.08,10.72,0.12,15.24,127.09,184,Moderate
11/26/2017,Amaravati,78.32,129.06,1.26,26,14.85,10.28,0.14,26.96,117.44,197,Moderate
11/27/2017,Amaravati,88.76,135.32,6.6,30.85,21.77,12.91,0.11,33.59,111.81,198,Moderate
11/28/2017,Amaravati,64.18,104.09,2.56,28.07,17.01,11.42,0.09,19,138.18,188,Moderate
11/29/2017,Amaravati,72.47,114.84,5.23,23.2,16.59,12.25,0.16,10.55,109.74,173,Moderate
11/30/2017,Amaravati,69.8,114.86,4.69,20.17,14.54,10.95,0.12,14.07,118.09,165,Moderate
12-01-2017,Amaravati,73.96,113.56,4.58,19.29,13.97,10.95,0.1,13.9,123.8,191,Moderate
12-02-2017,Amaravati,89.9,140.2,7.71,26.19,19.87,13.12,0.1,19.37,128.73,191,Moderate
12-03-2017,Amaravati,87.14,130.52,0.97,21.31,12.12,14.36,0.15,11.41,114.8,227,Poor
12-04-2017,Amaravati,84.64,125,4.02,26.98,17.58,14.41,0.18,9.84,112.41,168,Moderate
12-05-2017,Amaravati,88.36,121.77,3.7,20.23,13.75,13.72,0.12,14.02,117.93,198,Moderate
12-06-2017,Amaravati,96.83,139.36,1.6,25.65,14.99,15.12,0.11,16.54,117.21,201,Poor
12-07-2017,Amaravati,117.46,181.64,4.26,41.1,25.32,17.34,0.13,28.79,94.63,252,Poor
12-08-2017,Amaravati,122.88,208.86,5.56,54.87,33.71,17.96,0.27,22.97,68.6,310,Very Poor
12-09-2017,Amaravati,74.28,141.22,6.1,44.97,28.88,15.73,0.09,21.9,60.62,196,Moderate
12-10-2017,Amaravati,50.32,102.77,1.73,33.85,19.41,12.56,0.1,13.65,68.15,132,Moderate
12-11-2017,Amaravati,58.47,115.27,4.93,41.64,26.15,15.2,0.16,18.37,73.75,147,Moderate
12-12-2017,Amaravati,89.35,131.48,7.97,42.1,28.88,21.24,0.24,7.42,44.67,179,Moderate
12/13/2017,Amaravati,64.42,99.74,7.2,34.78,24.36,17.63,0.15,5.81,50.16,145,Moderate
12/14/2017,Amaravati,69.4,98.94,5.81,29.97,20.67,19.34,0.14,5.8,55,115,Moderate
12/15/2017,Amaravati,71.07,109.65,4.19,25,16.7,16,0.1,8.33,79.04,140,Moderate
12/16/2017,Amaravati,79.76,129.81,8.77,40.92,28.84,15.56,0.17,8.51,73.17,156,Moderate
12/17/2017,Amaravati,108.06,167.62,7.29,47.05,30.94,18.52,0.08,16.05,70.74,225,Poor
12/18/2017,Amaravati,100.75,172.04,7.63,53.94,33.45,18.49,0.11,14.05,59.2,251,Poor
12/19/2017,Amaravati,106.25,171.56,2.74,43.09,21.78,19.66,0.13,15.45,66.9,228,Poor
12/20/2017,Amaravati,83.79,141.83,6.77,47.47,30.74,17.37,0.3,13.35,77.54,223,Poor
12/21/2017,Amaravati,79.98,147.74,7.02,49.55,32.07,17.28,0.14,13.58,79.71,170,Moderate
12/22/2017,Amaravati,76.27,152.59,7.51,56,35.9,19.53,0.15,29.88,56.97,165,Moderate
12/23/2017,Amaravati,86.5,147.95,5.24,42,26.6,20.78,0.15,11.85,73.09,159,Moderate
2/27/2017,Amritsar,13.42,14.92,15.06,8.86,,1.6,0.81,11,12.96,,
2/28/2017,Amritsar,12.45,13.8,17.44,8.05,,1.73,0.67,16.06,11.88,52,Satisfactory
03-01-2017,Amritsar,19.52,21.88,14.77,6.02,,1.48,0.43,26.24,11.53,31,Good
03-02-2017,Amritsar,77.71,80.27,10.49,3.88,,1.29,0.36,22.35,18.68,106,Moderate
03-03-2017,Amritsar,19.7,33.08,9.91,3.13,,1.15,0.37,14.29,22.22,98,Satisfactory
03-04-2017,Amritsar,22.91,56.19,10.69,4.13,,1.86,0.47,8.42,26.62,61,Satisfactory
03-05-2017,Amritsar,29.56,44.5,8.95,2.66,,1.26,0.39,10.95,27.03,62,Satisfactory
03-06-2017,Amritsar,46.13,62.88,9.62,4.89,,1.99,0.54,30.27,26.3,78,Satisfactory
03-07-2017,Amritsar,44.3,52.12,9.4,5.32,,2.4,0.36,28.74,20.63,72,Satisfactory
03-08-2017,Amritsar,41.23,52.75,11.18,7.88,,2.51,0.39,21.4,22.44,71,Satisfactory
03-09-2017,Amritsar,29.88,33.2,10.64,11.66,,2.31,0.36,4.26,21.11,59,Satisfactory
03-10-2017,Amritsar,37.93,43.69,12.84,15.11,,2.05,0.2,6.38,25.06,73,Satisfactory
03-11-2017,Amritsar,32.46,50.76,10.93,19.67,,6.82,0,4.71,18.79,56,Satisfactory
03-12-2017,Amritsar,25.65,54.59,12.14,26.15,,11.73,0,8.32,15.64,55,Satisfactory
3/13/2017,Amritsar,41.36,77.43,11.4,25.88,,11.71,0,4.75,20.27,69,Satisfactory
3/14/2017,Amritsar,51.88,86.64,9.24,25.21,,11.76,0,7.72,30.34,80,Satisfactory
3/15/2017,Amritsar,51.59,86.11,10.03,26.05,,12.33,0,9.06,24.63,89,Satisfactory
3/16/2017,Amritsar,45.46,82.73,13.23,26.38,,12.56,0,2.94,19.36,79,Satisfactory
3/17/2017,Amritsar,152.17,93.68,13.86,27.06,,12.45,0,3.17,21.78,262,Poor
3/18/2017,Amritsar,72.87,98.47,10.71,26.07,,12.03,0,3.56,12.86,184,Moderate
3/19/2017,Amritsar,73.26,97.64,10.47,25.73,,11.99,0,1.85,11.77,138,Moderate
3/20/2017,Amritsar,65.26,95.91,9.38,25.23,,12.4,0,1.31,19.98,138,Moderate
3/21/2017,Amritsar,56.39,92.68,10.42,26.26,,12.67,0,2.97,19.83,100,Satisfactory
3/22/2017,Amritsar,55.43,88.17,13.56,28.39,,13,0,1.91,13.71,89,Satisfactory
3/23/2017,Amritsar,40.95,77.09,11.86,26.26,,12.72,0,1.03,21.21,84,Satisfactory
3/24/2017,Amritsar,40.99,67.5,9.68,24.95,,12.41,0,0.86,20.82,72,Satisfactory
3/25/2017,Amritsar,57.49,80.09,8.06,23.95,,11.87,0,2.29,24.66,90,Satisfactory
3/26/2017,Amritsar,45.98,72.74,8.94,23.68,,12.35,0,7.96,24.14,84,Satisfactory
3/27/2017,Amritsar,47.2,78.45,12.41,27.32,,12.16,0,3.29,31.95,74,Satisfactory
3/28/2017,Amritsar,58.95,83.09,10.69,30.37,,12.03,0,4.97,33.22,96,Satisfactory
3/29/2017,Amritsar,39.4,66.81,12.1,30.1,,12.31,0,2.04,33.88,76,Satisfactory
3/21/2015,Bengaluru,48.59,,3.47,27,18.04,28.02,3.89,1.94,52.96,91,Satisfactory
3/22/2015,Bengaluru,47.38,,2.84,22.39,15.33,23.19,11.29,2.05,71.85,120,Moderate
3/23/2015,Bengaluru,65.65,,3.1,26.35,17.45,27.76,9.95,6.3,72.84,154,Moderate
3/24/2015,Bengaluru,60.47,,5.39,29.87,20.88,35.1,1.46,6.07,64.12,119,Moderate
3/25/2015,Bengaluru,62.56,,3.16,23.57,16.39,27.13,10.05,4.98,82.34,232,Poor
3/26/2015,Bengaluru,60.73,,4.16,32.07,21.03,34.71,1.44,1.67,67.21,132,Moderate
3/27/2015,Bengaluru,42.1,,4.01,25.55,17.37,30.96,2.85,2.46,51.93,123,Moderate
3/28/2015,Bengaluru,40,,2.93,17.99,11.36,28.74,8.07,2.5,44.65,152,Moderate
3/29/2015,Bengaluru,32.16,,2.38,12.9,8.3,21.5,8.53,2.08,56.31,143,Moderate
3/30/2015,Bengaluru,30.78,,2.68,16.23,14.63,26.96,1.46,2.63,49.52,80,Satisfactory
3/31/2015,Bengaluru,38.99,,2.6,10.97,12.7,27.52,1.79,2.79,47.67,90,Satisfactory
04-01-2015,Bengaluru,36.42,,2.68,8.83,9.13,31.37,9.6,3.17,48.25,151,Moderate
04-02-2015,Bengaluru,38.15,,4.24,10.29,9.99,43.09,4.06,7.65,53.26,123,Moderate
04-03-2015,Bengaluru,35.11,,2.63,5.99,6.82,26.04,5.34,2.32,57.75,178,Moderate
04-04-2015,Bengaluru,36.68,,3.63,12.89,10.88,40.71,1.47,3.29,76.36,101,Moderate
04-05-2015,Bengaluru,36.92,,2.2,9,7.6,26.22,9.58,4.07,65.62,160,Moderate
04-06-2015,Bengaluru,31.78,,2.48,8.14,8.06,22.34,0.55,7.22,54.31,71,Satisfactory
04-07-2015,Bengaluru,37.25,,2.86,7.14,11.25,17.78,2.3,5.88,60.42,76,Satisfactory
04-08-2015,Bengaluru,29.8,,2.59,9.04,7.52,24.2,6.84,1.84,49.55,153,Moderate
04-09-2015,Bengaluru,25.06,,3.21,8.72,7.2,29.83,5.82,2.6,42.63,80,Satisfactory
04-10-2015,Bengaluru,24.4,,6.87,7.46,8.7,23.17,5.19,2.03,44.47,129,Moderate
04-11-2015,Bengaluru,32.08,,6.6,7.09,8.82,30.95,1.7,3.22,53.91,107,Moderate
04-12-2015,Bengaluru,19.72,,1.81,4.97,5.51,34.85,2.65,5.16,44.53,122,Moderate
4/13/2015,Bengaluru,17.03,,2.17,8.53,9.95,34.3,2.23,2.75,39.03,85,Satisfactory
4/14/2015,Bengaluru,19.73,,2.26,6.1,6.13,27.48,1.4,4.66,57.7,62,Satisfactory
4/15/2015,Bengaluru,22.52,,6.71,4.86,14.02,15.15,5.45,4.9,77.05,177,Moderate
4/16/2015,Bengaluru,21.36,,2.86,7.98,12.69,16.61,0.97,29.11,96.88,152,Moderate
4/17/2015,Bengaluru,24.35,,3.06,6.64,7.42,38.54,12.93,2.58,97.2,210,Poor
4/18/2015,Bengaluru,18.33,,2.4,5.98,6.47,21.02,3.84,3.99,101.63,170,Moderate
4/19/2015,Bengaluru,17.66,,1.85,6.58,5.89,21.93,0.48,2.49,81.34,135,Moderate
4/20/2015,Bengaluru,27.46,,2.53,7.91,7.1,24.78,4.58,5.53,37.22,118,Moderate
2/26/2020,Bhopal,56.79,182.16,26.5,52.94,49.79,18.01,1.06,21.11,51.59,137,Moderate
2/27/2020,Bhopal,45.15,164.28,9.62,41.04,29.74,17.34,1,8.22,63.08,152,Moderate
2/28/2020,Bhopal,45.67,143.39,2.47,35.5,20.97,16.08,0.76,23.42,77.11,141,Moderate
2/29/2020,Bhopal,57.17,177.99,13.46,47.39,36.23,16.95,1.18,31.84,61.89,134,Moderate
03-01-2020,Bhopal,56.96,156.55,5.85,35.63,23.8,21.11,1.01,25.01,68.96,149,Moderate
03-02-2020,Bhopal,42.46,103.2,3,29.98,18.48,20.47,0.75,15.23,66.4,122,Moderate
03-03-2020,Bhopal,35.71,127.07,3.65,27.86,17.87,14.47,0.68,14.06,69.86,111,Moderate
03-04-2020,Bhopal,50.42,150.43,2.5,26.59,16.27,15.87,0.65,10.82,77.01,128,Moderate
03-05-2020,Bhopal,31.62,139.82,2.23,20.25,12.67,11.22,0.46,11.88,74.61,129,Moderate
03-06-2020,Bhopal,39,152.86,2.36,19.42,12.33,12.66,0.46,11.8,56.95,134,Moderate
03-07-2020,Bhopal,31.08,136.03,3.96,25.61,16.93,10.92,0.59,12.4,73.08,126,Moderate
03-08-2020,Bhopal,26.46,90.56,4.44,27.92,18.55,11.62,0.71,12.32,65.71,108,Moderate
03-09-2020,Bhopal,21.71,76.47,3.9,27.85,18.07,12.02,0.71,15.43,68.42,88,Satisfactory
03-10-2020,Bhopal,39.17,90.15,2.52,21.5,13.59,18.53,0.79,9.86,67.84,96,Satisfactory
03-11-2020,Bhopal,28.29,79.64,1.95,13.84,9.03,18.37,0.46,9.95,67.6,87,Satisfactory
03-12-2020,Bhopal,22.35,90.17,2.05,14.28,9.35,10.48,0.39,7.29,77.34,94,Satisfactory
3/13/2020,Bhopal,20.58,120.75,6.24,27.12,19.57,6.91,0.66,14.67,71.87,98,Satisfactory
3/14/2020,Bhopal,24.67,136.07,2.1,20.28,12.59,7.68,0.51,14.59,74.51,126,Moderate
3/15/2020,Bhopal,31.08,149.46,7.44,33.84,24.13,9.91,0.91,8.41,68.34,126,Moderate
3/16/2020,Bhopal,32.78,138.8,7.14,37.17,25.58,13.22,0.99,9.03,64.88,133,Moderate
3/17/2020,Bhopal,29.44,112.15,2.98,30.64,18.8,14.25,0.78,10.44,78.11,124,Moderate
3/18/2020,Bhopal,30.25,97.28,2.47,30.26,18.2,14.35,0.79,12.89,82.85,109,Moderate
3/19/2020,Bhopal,37.56,121.09,3.37,35.15,21.52,15.42,0.93,12.13,72.94,110,Moderate
3/20/2020,Bhopal,38.33,115.47,2.26,25.91,15.7,15.65,0.62,18.02,74.85,121,Moderate
3/21/2020,Bhopal,48.89,155.55,2.72,23.62,14.86,11.96,0.78,10.45,78.9,118,Moderate
3/22/2020,Bhopal,41.97,118.18,1.68,18.18,11.13,16.18,0.62,13.7,71.63,138,Moderate
3/23/2020,Bhopal,39.45,120.22,1.94,21.97,13.32,16.32,0.72,13.72,64.16,106,Moderate
3/24/2020,Bhopal,35.52,113.66,1.6,15.64,9.71,16.45,0.55,12.88,68.08,118,Moderate
3/25/2020,Bhopal,23.88,71.03,1.61,9.83,6.62,20.97,0.37,12.78,64.94,96,Satisfactory
3/26/2020,Bhopal,22.93,41.62,1.63,10.67,7.09,24.4,0.37,12.27,65.58,82,Satisfactory
1/31/2017,Chennai,100.68,,3.15,9.77,7.61,,0.01,2.52,39.08,70,Satisfactory
02-01-2017,Chennai,45.13,,8.63,15.97,14.73,,0.04,4.57,28.68,130,Moderate
02-02-2017,Chennai,52.59,,8.83,16.78,15.28,,0.1,2.89,28.39,89,Satisfactory
02-03-2017,Chennai,50.38,,7.52,17.14,14.48,,0.16,3.39,27.27,81,Satisfactory
02-04-2017,Chennai,67.15,,8.24,16.29,14.6,,0.03,3.89,39.87,105,Moderate
02-05-2017,Chennai,77.17,,7.25,14.91,13.19,,0.05,4.05,39.5,149,Moderate
02-06-2017,Chennai,72.94,,7.25,17.57,14.49,,0.02,4.3,36.86,148,Moderate
02-07-2017,Chennai,83.86,,9,19.87,16.92,,0.04,5.84,46.22,166,Moderate
02-08-2017,Chennai,80.59,,8.97,20.01,16.96,,0.03,3.62,37.86,183,Moderate
02-09-2017,Chennai,91.75,,8.27,18.12,15.51,,0,3.88,43.21,183,Moderate
02-10-2017,Chennai,89,,8.11,18.46,15.55,,0,4.36,37.69,217,Poor
02-11-2017,Chennai,84.05,,8.82,16.24,15.01,,0,4.06,29.51,186,Moderate
02-12-2017,Chennai,56.6,,5.56,11.82,10.42,,0.06,3.51,39.34,126,Moderate
2/13/2017,Chennai,54.94,,6.57,13.42,11.96,,0.17,3.6,23.36,89,Satisfactory
2/14/2017,Chennai,45.2,,5.27,11.63,10.12,,0.3,2.15,46.81,80,Satisfactory
2/15/2017,Chennai,63.51,,6.44,14.78,12.52,,0.22,3.45,43.83,95,Satisfactory
2/16/2017,Chennai,63.42,,6.53,14.29,12.31,,0.09,2.54,63.2,125,Moderate
2/17/2017,Chennai,77.03,,6.43,14.45,12.35,,0.03,2.97,62.53,141,Moderate
2/18/2017,Chennai,71.15,,10.01,18.02,16.77,,0,2.84,40.78,151,Moderate
2/19/2017,Chennai,71.72,,9.26,15.74,15.09,,0,4.2,37.49,142,Moderate
2/20/2017,Chennai,50.86,,6.18,13.46,11.68,,0.03,2.6,36.87,116,Moderate
2/21/2017,Chennai,51.46,,4.63,12.75,10.18,,0.01,3.32,33.87,88,Satisfactory
2/22/2017,Chennai,56.59,,5.82,12.53,10.96,,0,3.97,25.89,92,Satisfactory
2/23/2017,Chennai,42.42,,6.73,12.56,11.66,,0.07,3.83,20.3,76,Satisfactory
2/24/2017,Chennai,45.27,,8.76,14.29,14.01,,0,4.05,14.13,80,Satisfactory
2/25/2017,Chennai,37.91,,7.78,12.73,12.52,,0.04,4.08,18.29,69,Satisfactory
2/26/2017,Chennai,44.1,,6.67,9.6,10.17,,0,4.42,18.06,65,Satisfactory
2/27/2017,Chennai,59.53,,5.22,6.09,7.38,,0.01,4.48,19.94,90,Satisfactory
2/28/2017,Chennai,65.96,,5.92,9.97,10.2,,0.23,6.25,27.15,108,Moderate
03-01-2017,Chennai,82.44,,7.78,17.92,20.16,,0.27,7.02,54.36,157,Moderate
03-02-2017,Chennai,72.86,,7.36,19,20.36,,0.13,6.2,35.08,152,Moderate
11/26/2019,Coimbatore,44.08,56.18,10.09,29.24,39.33,3.39,0.78,13.34,34.43,78,Satisfactory
11/27/2019,Coimbatore,35.34,45.8,8.78,23.67,32.45,3.29,0.72,12.21,35.72,66,Satisfactory
11/28/2019,Coimbatore,37.45,56.98,12.63,27.06,39.68,4.64,0.76,12.43,23.12,59,Satisfactory
11/29/2019,Coimbatore,28.59,39.6,11.67,24.31,35.99,5.2,0.74,13.05,21.37,67,Satisfactory
11/30/2019,Coimbatore,24.58,28.98,14.52,27.19,41.71,5.92,0.69,13.02,15.06,57,Satisfactory
12-01-2019,Coimbatore,14.62,25.64,8.12,13.32,21.45,6.32,0.5,11.06,20.39,45,Good
12-02-2019,Coimbatore,16.63,25.53,9.69,16.82,26.51,6.4,0.55,11.74,18.88,37,Good
12-03-2019,Coimbatore,21.13,34.41,11.93,25.12,37.04,5.15,0.72,11.67,19.13,48,Good
12-04-2019,Coimbatore,36.7,57.77,9.72,23.8,33.51,4,0.64,12.83,31.07,61,Satisfactory
12-05-2019,Coimbatore,50.37,69.92,9.67,32.17,41.84,2.81,0.64,12.84,44.62,70,Satisfactory
12-06-2019,Coimbatore,63.1,73.83,9.19,29.72,38.91,1.72,0.64,12.75,45.09,108,Moderate
12-07-2019,Coimbatore,47.21,53.76,8.18,28.01,36.2,2.56,0.64,11.9,50.73,91,Satisfactory
12-08-2019,Coimbatore,22.85,26.88,6.91,16.03,22.94,4.26,0.55,10.93,38.65,65,Satisfactory
12-09-2019,Coimbatore,30.38,40.05,9.54,27.02,36.55,3.59,0.63,12.43,38.32,63,Satisfactory
12-10-2019,Coimbatore,33.68,55.88,9.33,28.68,38,2.96,0.58,13.49,39.94,69,Satisfactory
12-11-2019,Coimbatore,36.58,56.89,20.65,22.38,23.2,4.85,0.75,12.16,38.75,73,Satisfactory
12-12-2019,Coimbatore,36.78,46.35,37.56,0.09,0.05,,0.76,1.92,46.97,80,Satisfactory
12/13/2019,Coimbatore,30.23,41.54,45.71,,0,,0.78,2.72,38.29,66,Satisfactory
12/14/2019,Coimbatore,23.77,26,55.71,,0,,0.87,1.05,19.71,60,Satisfactory
12/15/2019,Coimbatore,20.89,24.61,59.29,,0,,0.73,0.48,30.83,64,Satisfactory
12/16/2019,Coimbatore,33.1,44.79,60.04,,0,,0.88,1.66,32.28,58,Satisfactory
12/17/2019,Coimbatore,41.65,48.33,74.01,,0,,0.98,1.84,21.65,68,Satisfactory
12/18/2019,Coimbatore,54.83,64.85,87.9,,0,,1.19,1.72,23.44,77,Satisfactory
12/19/2019,Coimbatore,40.64,47.08,70.12,67.46,20.18,8.48,1.22,2.22,17.93,66,Satisfactory
12/20/2019,Coimbatore,47.34,57.42,2.1,61.67,56.78,3.95,1.25,0.98,27.54,78,Satisfactory
12/21/2019,Coimbatore,61.83,64.64,1.82,28.01,29.82,0.86,1.1,1.8,33.82,86,Satisfactory
12/22/2019,Coimbatore,48.62,49.33,1.93,43.86,45.81,,0.94,2.71,42.09,,
12/23/2019,Coimbatore,52.93,61.52,1.83,41.45,43.02,2.22,0.93,1.65,45.61,82,Satisfactory
12/24/2019,Coimbatore,45.62,51.92,1.8,43.21,45.02,,0.9,2.5,44.86,84,Satisfactory
12/25/2019,Coimbatore,25.47,29.67,1.85,38.57,40.44,1.03,0.95,0.69,26.17,68,Satisfactory
12/26/2019,Coimbatore,44.69,55.01,1.32,32.72,34.07,3.12,0.69,1.7,28.94,60,Satisfactory
05-09-2015,Delhi,106.4,285.38,43.33,63.57,96.25,34.25,9.35,18.15,76.38,378,Very Poor
05-10-2015,Delhi,101.21,283.47,20.83,57.51,65.08,31.32,10.6,16.92,67.97,381,Very Poor
05-11-2015,Delhi,97.57,336.82,11.91,42.7,48.43,36.11,8.79,15.11,87.93,388,Very Poor
05-12-2015,Delhi,96.34,293.26,11.54,43.04,48.09,52.21,6.27,10.84,83.43,346,Very Poor
5/13/2015,Delhi,83.42,174.52,10.5,48.61,45.79,56.95,8.14,9.08,55.62,328,Very Poor
5/14/2015,Delhi,78.06,196.08,16.38,42.22,53.26,47.74,7.24,10.42,57.1,291,Poor
5/15/2015,Delhi,97.87,240.34,27.46,63.55,81.14,44.08,10.81,15.02,77.87,396,Very Poor
5/16/2015,Delhi,77.52,186.28,24.05,75.5,91.36,41.94,6.17,15.03,73.24,297,Poor
5/17/2015,Delhi,97.16,188.39,15.83,57.63,65.15,43.23,8.4,20.15,70.29,345,Very Poor
5/18/2015,Delhi,66.85,172.35,9.2,47.64,55.88,40.95,7.46,15.04,79.02,296,Poor
5/19/2015,Delhi,89.85,240.31,16.42,75.47,70.51,40.32,8.04,14.58,79.55,319,Very Poor
5/20/2015,Delhi,67.41,176.25,21.7,52.69,60.6,42.24,6.11,20.3,57.17,282,Poor
5/21/2015,Delhi,75.54,335.13,27.16,53.03,63.55,56.95,8.25,14.85,42.61,352,Very Poor
5/22/2015,Delhi,67.91,235.99,34.97,56.84,77.1,45.91,8.32,14.77,64.34,338,Very Poor
5/23/2015,Delhi,69.02,313.73,38.94,52.79,75.32,36.5,7.06,10.73,66.63,321,Very Poor
5/24/2015,Delhi,79.1,251.52,32.09,56.29,69.04,37.22,8.56,18.96,60.08,295,Poor
5/25/2015,Delhi,117.27,340.66,51.72,60.65,102.66,40.26,7.66,11.78,95.72,344,Very Poor
5/26/2015,Delhi,96.09,311.08,24.98,51.77,70.51,33.51,5.25,9.9,79.4,337,Very Poor
5/27/2015,Delhi,84.71,231.35,42.01,70.43,91.54,29.05,8.54,17.48,80.71,355,Very Poor
5/28/2015,Delhi,182.76,436.17,54.87,72.67,100.54,35.74,6.89,14.33,83.33,371,Very Poor
5/29/2015,Delhi,106.61,275.6,37.21,64.94,87.55,41.74,8.48,12.9,76.1,414,Severe
5/30/2015,Delhi,92.68,239.12,47.05,65.26,103.71,40.66,7.59,17.68,69.95,366,Very Poor
5/31/2015,Delhi,73.62,236.8,19.04,41.86,52.3,36.27,7.12,13.08,87.47,346,Very Poor
06-01-2015,Delhi,49.42,175.39,15.74,48.55,61.72,35.12,5.03,9.96,72.89,289,Poor
06-02-2015,Delhi,52.51,117.86,18.64,54.29,68.84,46.09,6.67,6.73,56.2,297,Poor
06-03-2015,Delhi,65.28,137.7,24.46,65.25,91.72,54.47,4.98,6.31,41.92,268,Poor
06-04-2015,Delhi,85.45,170.55,15.02,62.38,71.04,57.58,3.83,5.53,63,259,Poor
06-05-2015,Delhi,83.02,241.67,16.05,62.63,52.93,75,11.36,4.12,52.03,327,Very Poor
06-06-2015,Delhi,44.54,119.29,11.64,46.37,46.37,71.88,11.94,7.37,37.09,384,Very Poor
06-07-2015,Delhi,85.03,186.2,25.76,77.07,91.29,46.57,3.51,9.53,88.63,299,Poor
1/24/2020,Ernakulam,41.13,68.71,125.76,7.95,133.71,102.66,1.12,3.46,,,
1/25/2020,Ernakulam,53,84.58,126.22,7.8,134.02,104.05,1.17,3.48,,154,Moderate
1/26/2020,Ernakulam,58.31,85.47,125.14,7.95,133.09,103.2,1.2,3.54,,153,Moderate
1/27/2020,Ernakulam,53.06,80.24,152.12,5.9,156.21,133.25,1.24,3.49,,159,Moderate
1/28/2020,Ernakulam,60.99,95.07,133.5,7.48,140.31,107.43,1.37,3.64,,180,Moderate
1/29/2020,Ernakulam,57.41,96.7,67.41,16.13,83.55,36.6,1.35,3.59,,127,Moderate
1/30/2020,Ernakulam,43.89,79.3,44.57,19.16,63.72,19.41,1.35,3.54,,96,Satisfactory
1/31/2020,Ernakulam,35.45,78.48,43.56,19.28,62.85,28.95,1.27,3.58,,89,Satisfactory
02-01-2020,Ernakulam,38.01,74.51,41.56,19.55,61.12,27.62,1.17,3.53,,86,Satisfactory
02-02-2020,Ernakulam,38.63,67.05,39.98,19.76,59.74,26.53,1.08,3.54,,77,Satisfactory
02-03-2020,Ernakulam,40.97,72.23,39.32,13.29,57.08,26.07,1.13,3.53,,80,Satisfactory
02-04-2020,Ernakulam,54.34,89.68,37.19,5.13,52.02,24.66,1.41,3.44,,92,Satisfactory
02-05-2020,Ernakulam,52.85,95.99,34.89,3.9,43.67,23.18,1.41,3.48,,97,Satisfactory
02-06-2020,Ernakulam,35.61,69.55,33.26,0.72,29.33,21.83,1.36,3.64,,95,Satisfactory
02-07-2020,Ernakulam,42.18,70.64,66.03,0.69,53.2,44.3,1.51,3.78,,98,Satisfactory
02-08-2020,Ernakulam,36.49,69.27,88.74,,69.87,59.59,1.3,3.56,,96,Satisfactory
02-09-2020,Ernakulam,36.94,65.81,81.3,,64.43,54.52,1.15,3.53,,86,Satisfactory
02-10-2020,Ernakulam,39.27,68.24,80.98,0.33,65.59,56.08,1.33,3.64,,91,Satisfactory
02-11-2020,Ernakulam,38.45,70.37,84.83,0.68,84.43,74.95,1.23,3.61,,104,Moderate
02-12-2020,Ernakulam,51.09,85.94,73.25,0.68,73.89,64.53,1.42,3.46,,101,Moderate
2/13/2020,Ernakulam,39.8,72.06,99.92,2.63,98.17,58.5,1.36,3.67,,92,Satisfactory
2/14/2020,Ernakulam,49.84,83.54,78.8,0.36,78.9,17.96,1.46,3.66,,108,Moderate
2/15/2020,Ernakulam,33.41,51.47,79.95,0.81,79.9,14.05,1.36,3.87,,99,Satisfactory
2/16/2020,Ernakulam,39.71,58.34,81.76,0.27,81.43,15.4,1.04,4.08,,106,Moderate
2/17/2020,Ernakulam,50.63,79.13,69.33,0.87,70.2,12.57,1.33,3.54,,96,Satisfactory
2/18/2020,Ernakulam,49.29,78.67,65.8,1.19,67,11.86,1.28,3.47,,93,Satisfactory
2/19/2020,Ernakulam,78.27,116.73,63.43,1.42,64.85,11.41,1.64,3.53,,133,Moderate
2/20/2020,Ernakulam,55.37,88.08,60.95,1.63,62.59,10.94,1.39,3.45,,114,Moderate
2/21/2020,Ernakulam,59.74,89.73,59.45,1.77,61.22,10.68,1.61,3.47,,102,Moderate
2/22/2020,Ernakulam,47.75,75.74,59.83,1.72,61.55,10.8,1.39,3.51,,96,Satisfactory
02-04-2016,Gurugram,52.91,,17.02,9.59,14.43,,1.49,7.79,23.45,95,Satisfactory
02-05-2016,Gurugram,103.23,,9.2,16.9,10.3,,1.5,8.75,16.66,164,Moderate
02-06-2016,Gurugram,,,9.74,9.91,9.7,,1.54,11.14,0.57,,
02-07-2016,Gurugram,,,,,,,,,,,
02-08-2016,Gurugram,,,,19.2,12.64,,1.02,19.44,13.55,,
02-09-2016,Gurugram,,,,,,,1.4,6.02,3.57,,
02-10-2016,Gurugram,,,,14.07,9.56,,0.45,14.77,24.32,,
02-11-2016,Gurugram,,,11.17,18.68,11.69,,0.18,6.97,15.12,,
02-12-2016,Gurugram,,,9.17,15.92,11.05,,1.57,11.11,18.56,,
2/13/2016,Gurugram,,,7.83,17.03,10.5,,1.4,7.86,1.67,,
2/14/2016,Gurugram,,,,,,,,,,,
2/15/2016,Gurugram,,,,,,,,,,,
2/16/2016,Gurugram,70.74,,15.42,10.24,12.25,,1.55,,66.42,,
2/17/2016,Gurugram,,,,,,,,,,,
2/18/2016,Gurugram,188.98,,18.71,18.31,15.78,,1.28,13.56,,,
2/19/2016,Gurugram,199.01,,13.65,16.59,12.93,,0.28,6.66,0.55,357,Very Poor
2/20/2016,Gurugram,,,,,,,,,,,
2/21/2016,Gurugram,,,,,,,,,,,
2/22/2016,Gurugram,,,,,,,,,,,
2/23/2016,Gurugram,88.27,,12.21,18.77,13.12,,1.13,7.07,22.54,,
2/24/2016,Gurugram,175.8,,11.5,19.53,12.39,,0.48,12.93,20.69,336,Very Poor
2/25/2016,Gurugram,137.28,,10.66,9.48,9.46,,1.38,11.45,25.59,322,Very Poor
2/26/2016,Gurugram,143.83,,8.9,11.22,7.91,,1.44,13.17,28.19,312,Very Poor
2/27/2016,Gurugram,180.83,,11.15,14.95,11.32,,1.37,15.57,18.82,343,Very Poor
2/28/2016,Gurugram,201.17,,8.79,10.32,8.06,,1.45,12.01,24.09,359,Very Poor
2/29/2016,Gurugram,182.54,,8.82,10.73,7.98,,1.49,6.89,18.51,346,Very Poor
03-01-2016,Gurugram,211.21,,7.79,10.53,8.1,,1.43,12.72,24.8,364,Very Poor
03-02-2016,Gurugram,247.27,,5.55,10.94,7.67,,1.48,11.04,29.09,379,Very Poor
03-03-2016,Gurugram,348.88,,4.16,8.97,7.56,,1.4,14.26,25.18,460,Severe
03-04-2016,Gurugram,,,10.29,8.47,7.93,,1.28,9.53,32.19,445,Severe
06-01-2015,Hyderabad,237.79,,7.75,9.84,17.42,,0.78,8.05,48.34,165,Moderate
06-02-2015,Hyderabad,539.13,,7.99,8.57,16.2,,0.73,9.1,37.95,661,Severe
06-03-2015,Hyderabad,49.54,,8.47,14.49,22.35,,0.88,9.06,42.6,294,Poor
06-04-2015,Hyderabad,50.58,,8.19,11.94,19.82,,0.81,8.57,49.06,125,Moderate
06-05-2015,Hyderabad,43.62,,8.43,14.44,22.2,,0.82,8.09,43.08,117,Moderate
06-06-2015,Hyderabad,83.88,,10.29,15.72,25.63,,0.85,8.31,41.62,127,Moderate
06-07-2015,Hyderabad,43.12,,15.05,20.71,35.47,,1.14,7.65,22.47,179,Moderate
06-08-2015,Hyderabad,30.71,,11.46,11.84,23,,0.75,7.8,23.72,118,Moderate
06-09-2015,Hyderabad,25.79,,10.77,12.17,22.6,,0.72,8.76,18.8,98,Satisfactory
06-10-2015,Hyderabad,25.58,,11.53,14.21,25.51,,0.76,8.8,24.68,100,Satisfactory
06-11-2015,Hyderabad,26,,11.03,13.23,24.11,,0.69,8.78,24.27,102,Moderate
06-12-2015,Hyderabad,24.88,,10.23,11.33,21.41,,0.75,8.43,20.85,95,Satisfactory
6/13/2015,Hyderabad,29.33,,14.83,12.49,27.11,,0.94,8.22,16.93,106,Moderate
6/14/2015,Hyderabad,87.21,,11.17,9.67,20.39,,1.14,4.05,9.61,142,Moderate
6/15/2015,Hyderabad,25.07,,8.25,6.58,14.69,,0.64,7.58,15.04,163,Moderate
6/16/2015,Hyderabad,31,,8.5,8.18,16.59,,0.67,8.3,15.78,98,Satisfactory
6/17/2015,Hyderabad,26.38,,8.43,8.22,16.5,,0.68,8.08,15.3,98,Satisfactory
6/18/2015,Hyderabad,23.83,,8.33,6.55,14.77,,0.62,8.19,15.7,94,Satisfactory
6/19/2015,Hyderabad,26.92,,12.15,8.71,20.75,,0.63,8.71,17.3,93,Satisfactory
6/20/2015,Hyderabad,26.82,,9.08,8.36,17.37,,0.64,9.14,15.62,96,Satisfactory
6/21/2015,Hyderabad,23.67,,9.53,7.91,17.35,,0.73,7.84,9.46,94,Satisfactory
6/22/2015,Hyderabad,66.78,,8.55,5.87,14.35,,0.67,7.71,15.55,105,Moderate
6/23/2015,Hyderabad,14.75,,8.61,4.18,12.69,,0.62,7.75,15.72,132,Moderate
6/24/2015,Hyderabad,467.67,,8.56,4.07,12.59,,0.62,7.04,16.44,348,Very Poor
6/25/2015,Hyderabad,22.75,,8.7,4.24,12.93,,0.61,7.86,16.51,342,Very Poor
6/26/2015,Hyderabad,33.29,,9.28,7.34,16.56,,0.63,8.38,15.3,96,Satisfactory
6/27/2015,Hyderabad,39.62,,10.62,9.26,19.82,,0.66,8.32,15.64,104,Moderate
6/28/2015,Hyderabad,35.88,,15.1,10.35,25.45,,0.89,8.49,21.59,114,Moderate
6/29/2015,Hyderabad,45.88,,31.38,18.72,50.1,,1.3,8.53,12.32,141,Moderate
6/30/2015,Hyderabad,35.54,,11.77,12.07,23.84,,0.79,8.21,16.23,119,Moderate
7/29/2018,Jaipur,50.68,122.45,8.99,15.94,24.94,7.11,0.42,9.76,18.87,115,Moderate
7/30/2018,Jaipur,44.09,107.31,7.8,17.26,25.07,9.96,0.45,10.03,19.16,107,Moderate
7/31/2018,Jaipur,53.4,139.8,8.72,31.33,32.48,15.13,0.48,9.76,28.43,114,Moderate
08-01-2018,Jaipur,63.97,178.41,14.02,30.99,33.17,18.31,0.51,8.75,47.11,147,Moderate
08-02-2018,Jaipur,68.84,191.11,10.95,20.59,26.64,11.37,0.53,8.6,52.35,158,Moderate
08-03-2018,Jaipur,68.51,187.2,12.4,27.2,34.91,10,0.69,9.41,41.62,165,Moderate
08-04-2018,Jaipur,61.58,173.12,15.01,23.91,32.28,10.65,0.69,10.74,36.23,154,Moderate
08-05-2018,Jaipur,60.62,164.36,11.85,24.05,29.14,7.11,0.69,9.3,34.4,153,Moderate
08-06-2018,Jaipur,50.47,133.34,13.32,22.21,29.95,8.67,0.73,10.37,31.14,129,Moderate
08-07-2018,Jaipur,54.87,113.08,8.78,26.42,30.51,9.47,0.91,8,32.71,113,Moderate
08-08-2018,Jaipur,51.27,92.53,12.92,21.8,31.27,12.7,0.83,7.59,31.31,118,Moderate
08-09-2018,Jaipur,28.7,54.06,16.12,19.36,29.37,15.3,0.75,9.74,36.08,93,Satisfactory
08-10-2018,Jaipur,34.8,75.27,12.13,24.58,29.78,17.23,0.75,11.08,27.59,69,Satisfactory
08-11-2018,Jaipur,37.53,82,10.89,23.6,29.95,11.67,0.66,7.66,24.11,79,Satisfactory
08-12-2018,Jaipur,26.76,76.2,9.92,20.85,26.97,9.43,0.59,7.26,25.35,79,Satisfactory
8/13/2018,Jaipur,35.63,98.64,8.9,20.43,25.81,9.12,0.65,7.17,33.16,82,Satisfactory
8/14/2018,Jaipur,51.3,106.87,8.62,21.97,26.69,11.66,0.77,9.28,30.22,100,Satisfactory
8/15/2018,Jaipur,73.24,174.59,9.58,20.69,26.49,12.89,0.64,11.23,25.3,158,Moderate
8/16/2018,Jaipur,38.92,63.99,8.99,19.6,25.37,14.62,0.74,10.39,26.32,115,Moderate
8/17/2018,Jaipur,32.28,50.48,6.91,14.35,18.06,13.96,0.61,8.93,33.85,61,Satisfactory
8/18/2018,Jaipur,33.39,59.66,8.43,17.54,21.44,13.72,0.72,10.47,37.38,74,Satisfactory
8/19/2018,Jaipur,25.88,54.67,16.21,19.22,31.7,12.38,0.82,10.13,22.25,75,Satisfactory
8/20/2018,Jaipur,28.61,63.08,20.09,18.9,34.44,16.35,0.9,9.34,15.29,74,Satisfactory
8/21/2018,Jaipur,29.54,74.71,12.06,20.9,28.59,16.55,0.82,10.09,20.84,79,Satisfactory
8/22/2018,Jaipur,39.29,72.22,13.49,22.76,32,14.75,0.73,10.06,20.31,84,Satisfactory
8/23/2018,Jaipur,28.67,54.46,14.49,21.23,31.76,12.91,0.67,10.24,15.52,69,Satisfactory
8/24/2018,Jaipur,29.88,66.95,13.38,20.67,30.28,11.54,0.6,8.77,19.43,87,Satisfactory
8/25/2018,Jaipur,29.4,66.07,14.17,21.68,31.42,11.29,0.59,9,18.62,70,Satisfactory
8/26/2018,Jaipur,34.97,89.44,10.4,21.09,27.19,10.76,0.54,8.74,23.44,75,Satisfactory
8/27/2018,Jaipur,42.25,121.42,15.81,23.04,33.68,11.73,0.75,9.08,22.87,100,Satisfactory
10/16/2019,Jorapokhar,73.9,59.7,8.98,9.36,,6.33,,9.02,20.84,,
10/17/2019,Jorapokhar,91.02,70.56,9.17,9.34,,6.29,,6.86,33.9,,
10/18/2019,Jorapokhar,50.11,69.3,8.57,9.38,,6.28,,6.32,21.78,84,Satisfactory
10/19/2019,Jorapokhar,63.06,96.55,8.94,9.6,,6.21,,6.42,128.86,191,Moderate
10/20/2019,Jorapokhar,43.39,99.26,8.76,9.32,,6.31,,5.7,75.22,144,Moderate
10/21/2019,Jorapokhar,38.41,93.33,8.73,9.12,,6.26,,4.59,47.6,101,Moderate
10/22/2019,Jorapokhar,51.9,97.1,9.05,9.28,,6.32,,6.01,49.86,92,Satisfactory
10/23/2019,Jorapokhar,66.99,107.17,8.94,9.47,,6.31,,6.65,43.48,113,Moderate
10/24/2019,Jorapokhar,33.44,97.26,8.86,9.14,,6.32,,4.63,52.47,103,Moderate
10/25/2019,Jorapokhar,28.03,93.26,8.62,9.33,,6.22,,5.04,33.36,97,Satisfactory
10/26/2019,Jorapokhar,24.21,91.49,8.86,9.12,,6.29,,4.51,17.29,90,Satisfactory
10/27/2019,Jorapokhar,48.94,102.92,9.1,9.2,,6.36,,6.24,18.68,97,Satisfactory
10/28/2019,Jorapokhar,54.86,92.45,8.94,9.36,,6.33,,6.76,21.78,98,Satisfactory
10/29/2019,Jorapokhar,60.84,111.14,8.89,9.11,,6.32,,4.92,43.44,100,Satisfactory
10/30/2019,Jorapokhar,54.31,95.27,8.7,8.97,,6.29,,4.52,93.49,126,Moderate
10/31/2019,Jorapokhar,69.65,103.78,8.63,9.13,,6.28,,4.86,51.53,129,Moderate
11-01-2019,Jorapokhar,69.63,101.4,8.69,8.85,,6.32,,4.94,26.34,136,Moderate
11-02-2019,Jorapokhar,64.19,97.62,8.69,8.9,,6.33,,5.2,25.54,125,Moderate
11-03-2019,Jorapokhar,84.44,113.21,8.79,9.05,,6.33,,4.67,26.13,140,Moderate
11-04-2019,Jorapokhar,81.96,116.47,8.77,9.02,,6.32,,4.43,44.71,189,Moderate
11-05-2019,Jorapokhar,78.73,111.58,8.72,8.94,,6.29,,4.92,35.58,155,Moderate
11-06-2019,Jorapokhar,73.1,107.97,8.81,9.2,,6.29,,5.36,46.57,159,Moderate
11-07-2019,Jorapokhar,87.87,122.77,9,9.72,,6.33,,6.3,96.66,173,Moderate
11-08-2019,Jorapokhar,82.13,115.11,8.81,9.66,,6.28,,6.06,94.89,211,Poor
11-09-2019,Jorapokhar,45.74,98.21,8.73,9.25,,6.29,,5.88,70.21,117,Moderate
11-10-2019,Jorapokhar,42.71,98.61,8.7,9.21,,6.3,,6.06,56.02,97,Satisfactory
11-11-2019,Jorapokhar,55.88,125.52,8.65,9.06,,6.31,,5.21,50.6,104,Moderate
11-12-2019,Jorapokhar,62.87,110.06,8.91,9.08,,6.33,,6,71.96,118,Moderate
11/13/2019,Jorapokhar,80.47,210.86,8.84,9.5,,6.25,,9.44,54.55,134,Moderate
11/14/2019,Jorapokhar,90.81,168.74,8.74,9.31,,6.33,,22.07,59.11,216,Poor
2/16/2020,Kochi,51.19,115.31,68.55,6.08,53.11,2.8,1.15,20.7,2.56,117,Moderate
2/17/2020,Kochi,62.65,134.46,63.33,37,61.56,3.37,1.31,20.91,10.61,115,Moderate
2/18/2020,Kochi,67.72,131.39,50.98,26.49,50.72,2.26,1.44,21.77,15.38,129,Moderate
2/19/2020,Kochi,143.85,201.76,48.81,26.94,52.08,2.88,1.57,23.25,15.5,277,Poor
2/20/2020,Kochi,66.64,120.58,48.52,22.23,47.8,1.39,1.44,22.34,16.68,191,Moderate
2/21/2020,Kochi,69.07,121.04,48.28,19.33,48.61,1.34,1.48,21.13,14.07,135,Moderate
2/22/2020,Kochi,49.41,99.69,57.02,22.44,56.52,3.96,1.44,20.98,13.13,108,Moderate
2/23/2020,Kochi,48.39,85.13,43.2,18.53,39.28,2.01,1.26,21,14.62,90,Satisfactory
2/24/2020,Kochi,58.24,109.65,32.9,22.26,34.51,2.43,1.46,21.84,13.98,96,Satisfactory
2/25/2020,Kochi,50.07,95.35,27.17,16.15,25.03,2.26,1.48,22.41,12.16,101,Moderate
2/26/2020,Kochi,71.43,113.52,33.65,14.08,26.33,2.6,1.51,22.03,8.88,113,Moderate
2/27/2020,Kochi,56.51,100.73,82.41,13.47,68.71,3.49,1.41,21.85,5.65,110,Moderate
2/28/2020,Kochi,54.02,97.41,84.9,14.11,70.87,3.57,1.54,21.01,4.43,102,Moderate
2/29/2020,Kochi,47,158.39,50.47,13.83,43.96,1.8,1.43,20.17,9.3,106,Moderate
03-01-2020,Kochi,47.81,128.53,42.32,8.2,34.22,2.29,1.34,14.79,8.79,136,Moderate
03-02-2020,Kochi,41.58,102.17,66.61,5.81,50.79,2.74,1.32,17.99,2.67,110,Moderate
03-03-2020,Kochi,38.21,97.42,98.1,0.61,74.98,2.69,1.42,17.33,1.58,98,Satisfactory
03-04-2020,Kochi,35.82,93.48,99.63,0.4,76.03,2.33,1.43,17.78,1.51,97,Satisfactory
03-05-2020,Kochi,52.44,101.4,97.54,1.58,73.23,1.17,1.46,20.05,1.49,107,Moderate
03-06-2020,Kochi,35.12,256.55,119.85,10.37,98.63,6.97,1.48,19.47,1.42,,
03-07-2020,Kochi,33.79,209.44,133.17,6.13,107.15,9.9,1.39,17.99,1.34,162,Moderate
03-08-2020,Kochi,35.83,179.02,131.2,1.43,102.77,8.4,1.22,19.37,1.41,172,Moderate
03-09-2020,Kochi,30.75,116.84,132.22,1.24,102.91,5.73,1.22,20.07,1.48,138,Moderate
03-10-2020,Kochi,42.87,129.32,131.64,2.42,103.62,5.26,1.34,20.52,1.5,125,Moderate
03-11-2020,Kochi,31.4,130.88,129.06,3.36,101.72,6.14,1.29,20.56,1.35,123,Moderate
03-12-2020,Kochi,23.38,82.01,135.28,0.12,105.21,4.03,1.2,20.51,1.56,122,Moderate
3/13/2020,Kochi,33.99,107.54,125.72,1.39,97.96,4.47,1.24,20.57,1.55,122,Moderate
3/14/2020,Kochi,38.1,119.02,118.96,3.59,93.08,6.05,1.29,20.93,1.6,118,Moderate
3/15/2020,Kochi,45.83,108.39,116.97,1.04,90.68,6.13,1.27,21.08,1.44,113,Moderate
3/16/2020,Kochi,45.59,160.29,126.36,4.42,99.62,6.24,1.25,20.71,1.43,117,Moderate
9/24/2015,Lucknow,48.54,,2.51,4.55,2.21,,1.44,2.2,31.76,85,Satisfactory
9/25/2015,Lucknow,49.65,,2.52,4.54,2.21,,1.43,1.61,32.62,91,Satisfactory
9/26/2015,Lucknow,42.27,,2.47,4.6,2.21,,1.61,2.1,32.05,86,Satisfactory
9/27/2015,Lucknow,49.92,,2.24,5.08,2.21,,1.49,1.84,32.05,89,Satisfactory
9/28/2015,Lucknow,63.28,,2.02,5.27,2.21,,1.75,3.18,31.91,101,Moderate
9/29/2015,Lucknow,51.42,,1.27,7.1,2.21,,1.41,2.21,31.63,116,Moderate
9/30/2015,Lucknow,47.21,,1.41,8.34,2.21,,5.68,2.26,36.79,223,Poor
10-01-2015,Lucknow,47.78,,1.2,9.97,2.21,,18.45,2.72,40.12,244,Poor
10-02-2015,Lucknow,54.13,,1.31,9.75,2.21,,12.16,1.9,40.06,143,Moderate
10-03-2015,Lucknow,60.88,,15.66,14.19,4.66,,3.44,3.67,36.79,220,Poor
10-04-2015,Lucknow,65.59,,11.5,17.08,4.89,,1.19,2.63,34.11,154,Moderate
10-05-2015,Lucknow,59.33,,4.16,7.63,4.22,,0.33,5.19,42.54,118,Moderate
10-06-2015,Lucknow,34.68,,3.73,6.72,4.22,,12.5,7.2,47.45,148,Moderate
10-07-2015,Lucknow,53.63,,12.82,10.14,4.22,,5.89,6.39,46.48,100,Satisfactory
10-08-2015,Lucknow,68.67,,10.39,22.65,4.22,,9.97,4.54,36.18,183,Moderate
10-09-2015,Lucknow,57.76,,9.86,24.06,4.22,,18.63,7.64,45.53,228,Poor
10-10-2015,Lucknow,44.58,,17.34,19.22,4.3,,5.54,5.18,36.33,171,Moderate
10-11-2015,Lucknow,28.45,,17.76,10.31,4.22,,15.74,4.51,39.51,191,Moderate
10-12-2015,Lucknow,70.75,,3.65,9.63,4.22,,2.58,4.92,31.79,156,Moderate
10/13/2015,Lucknow,72.43,,11.06,7.7,3.88,,1.66,4.51,49.76,146,Moderate
10/14/2015,Lucknow,73.52,,9.6,4.09,3.22,,1.56,4.62,48.78,164,Moderate
10/15/2015,Lucknow,82.39,,3.09,3.77,4.22,,7.73,6.83,46.97,240,Poor
10/16/2015,Lucknow,95.47,,11.88,15.55,3.55,,1.62,3.68,40.67,188,Moderate
10/17/2015,Lucknow,112.56,,4.97,3.45,3.77,,1.61,2.73,52.04,230,Poor
10/18/2015,Lucknow,133.81,,3.01,4.48,3.16,,1.59,3.49,71.97,267,Poor
10/19/2015,Lucknow,133.94,,2.55,7.6,4.22,,2.51,3.81,67.42,231,Poor
10/20/2015,Lucknow,188.69,,16.41,7.78,4.22,,1.74,4.39,69.65,323,Very Poor
10/21/2015,Lucknow,185.78,,7.95,6.24,4.36,,1.52,5.33,63.32,334,Very Poor
10/22/2015,Lucknow,166.1,,12.73,10.89,4.22,,1.88,6.46,61.79,324,Very Poor
10/23/2015,Lucknow,120.87,,16.85,24.63,4.05,,1.62,6.16,54.26,253,Poor
10/15/2019,Mumbai,50.61,111.2,21.49,33.54,55.03,14.75,1.15,14.05,26.74,116,Moderate
10/16/2019,Mumbai,49.19,118.26,22.95,35.06,57.99,15.33,1.24,14.7,29.97,121,Moderate
10/17/2019,Mumbai,56.89,126.82,18.2,34.5,52.69,15.51,1.22,13.74,38.93,135,Moderate
10/18/2019,Mumbai,62.55,129.06,31.34,35.88,67,18.73,1.19,13.29,13.21,135,Moderate
10/19/2019,Mumbai,28.56,48.57,34.93,24.93,59.86,19.56,1.08,11.67,8.47,99,Satisfactory
10/20/2019,Mumbai,15.09,29.91,26.82,21,46.26,21.13,1.19,11.06,8.69,86,Satisfactory
10/21/2019,Mumbai,17.75,41.34,20.91,20.24,39.17,19.3,1.03,10.82,15.31,81,Satisfactory
10/22/2019,Mumbai,17.92,44.55,19.12,22.87,40.4,15.09,1.04,10.54,15.92,76,Satisfactory
10/23/2019,Mumbai,17.85,41.64,39.34,18.52,55.43,16.18,0.89,11.87,7.6,72,Satisfactory
10/24/2019,Mumbai,30.71,72.1,41.44,24.2,63.53,17.51,1.04,12.45,8.38,87,Satisfactory
10/25/2019,Mumbai,20.04,46.59,24.72,23.05,47.77,16.19,0.93,10.47,6.84,82,Satisfactory
10/26/2019,Mumbai,25.58,57.91,35.65,18.86,54.15,15.37,0.91,9.45,8.26,69,Satisfactory
10/27/2019,Mumbai,39.09,76.14,38.01,15.53,52.34,19.28,0.93,9.28,11.02,105,Moderate
10/28/2019,Mumbai,53.5,91.27,23.72,17.36,40.97,17.58,0.68,9.61,13.97,92,Satisfactory
10/29/2019,Mumbai,56.28,102.53,21.95,25.2,46.88,14.21,0.67,13.83,20.94,113,Moderate
10/30/2019,Mumbai,40.81,84.5,19.68,25.09,44.63,13.88,0.83,13.26,16.87,97,Satisfactory
10/31/2019,Mumbai,25.37,77.85,23.35,26.43,49.77,14.51,0.8,14.56,11.5,81,Satisfactory
11-01-2019,Mumbai,16.55,57.59,20.48,25.78,44.17,14.82,0.65,14.62,13.02,77,Satisfactory
11-02-2019,Mumbai,11.99,39.96,18.12,23.12,41.17,16.57,0.64,14.22,9.88,57,Satisfactory
11-03-2019,Mumbai,20.09,62.74,25.17,23.86,48.84,17.7,0.72,15.36,10.7,71,Satisfactory
11-04-2019,Mumbai,28.41,66.83,21.88,26.02,47.57,13.52,0.84,13.21,16.42,78,Satisfactory
11-05-2019,Mumbai,36.96,76.94,12.57,30.58,42.93,14.93,0.85,15.39,22.29,79,Satisfactory
11-06-2019,Mumbai,52.87,101.96,25.56,37.21,62.77,15.25,1.01,12.45,20.34,105,Moderate
11-07-2019,Mumbai,19.26,52.22,9.35,20.79,30.05,13.56,0.61,9.31,13.36,84,Satisfactory
11-08-2019,Mumbai,12.19,41.81,13.33,22.57,35.9,11.76,0.61,8.53,15.25,57,Satisfactory
11-09-2019,Mumbai,27.12,73.34,18.64,31.47,50.12,13.91,0.8,8.97,14.44,82,Satisfactory
11-10-2019,Mumbai,49.51,98.73,26.17,30.33,56.49,13.09,1.02,9.21,21.17,97,Satisfactory
11-11-2019,Mumbai,57.72,106.42,18.86,39.04,57.85,13.54,1.12,10.26,26.65,108,Moderate
11-12-2019,Mumbai,69.7,132.42,23.32,42.53,65.85,15.99,1.21,12.41,32.22,134,Moderate
11/13/2019,Mumbai,64.9,122.75,19.44,47.12,66.57,17.01,1.03,9.55,28.58,140,Moderate
03-01-2017,Patna,108.2,,61.5,109.84,171.34,,1.5,2.22,23.92,,
03-02-2017,Patna,120.12,,124.7,114.26,238.96,,1.83,2.23,14.83,309,Very Poor
03-03-2017,Patna,89.54,,103.4,106.38,209.79,,1.54,2.23,14.1,254,Poor
03-04-2017,Patna,161,,102.9,92.34,186.37,,1.78,10.43,15.29,241,Poor
03-05-2017,Patna,99.37,,119.24,120.15,239.39,,1.54,2.15,20.65,325,Very Poor
03-06-2017,Patna,80.47,,34.65,115.06,149.72,,1.1,2.19,29.04,248,Poor
03-07-2017,Patna,98.35,,78.38,120.8,181.9,,2.29,2.21,27.18,195,Moderate
03-08-2017,Patna,152.52,,176.54,114.12,259.54,,1.88,2.18,23.5,315,Very Poor
03-09-2017,Patna,185.6,,87.74,94.13,181.86,,2.3,2.24,22.15,314,Very Poor
03-10-2017,Patna,169.79,,120.23,91.24,211.47,,1.89,2.26,14.82,356,Very Poor
03-11-2017,Patna,71.61,,83.4,70.52,153.92,,1.5,2.46,12.99,252,Poor
03-12-2017,Patna,97.92,,97.94,66.92,164.86,,1.68,2.71,13.82,190,Moderate
3/13/2017,Patna,,,,,,,,,,,
3/14/2017,Patna,70.14,,27.38,76.12,103.5,,0.96,2,28.34,,
3/15/2017,Patna,115.38,,44.41,83.11,127.52,,1.66,2.33,28.39,216,Poor
3/16/2017,Patna,86.64,,13.7,38.53,47.02,,1.16,1.93,23.97,,
3/17/2017,Patna,125.96,,4.66,4.7,10.43,,2.47,,18.72,250,Poor
3/18/2017,Patna,145.47,,0.72,0.69,1.41,,1.71,,11.87,346,Very Poor
3/19/2017,Patna,127.63,,0.7,0.66,1.36,,1.42,,15.86,224,Poor
3/20/2017,Patna,76.75,,3.22,4.78,6.07,,1.85,,12.25,312,Very Poor
3/21/2017,Patna,98.03,,6.14,8.53,10.68,,1.43,,20.24,198,Moderate
3/22/2017,Patna,113.14,,5.95,8.56,10.51,,1.17,,23.76,215,Poor
3/23/2017,Patna,116.57,,6.59,6.8,9.39,,1.6,1.96,9.53,287,Poor
3/24/2017,Patna,253.65,,8.87,4.84,9.88,,0.87,2.17,5.82,326,Very Poor
3/25/2017,Patna,,,5.17,7.34,8.51,,1.3,1.38,6.43,,
3/26/2017,Patna,133.93,,5.09,8.05,9.15,,1.54,5.41,10.72,,
3/27/2017,Patna,106.58,,14.33,27.21,37.56,,2.43,9.22,18.51,,
3/28/2017,Patna,157.29,,8.56,13.28,18.78,,1.46,2.29,8.99,330,Very Poor
3/29/2017,Patna,90.88,,2.05,3,5.04,,1.05,3.75,10.04,258,Poor
3/30/2017,Patna,91.26,,2.03,2.98,5.02,,1,4.57,13.69,215,Poor
6/20/2019,Talcher,36.86,146.59,57.53,5.48,53.79,10.37,1.51,24.54,6.67,149,Moderate
6/21/2019,Talcher,17.58,71.05,27.05,6.48,33.53,7.69,1.45,25.07,3.59,75,Satisfactory
6/22/2019,Talcher,23.99,49.42,49.51,6.6,38.96,15.17,1.56,26.7,4.69,86,Satisfactory
6/23/2019,Talcher,15.8,53.89,27.15,6.43,33.58,7.68,1.17,25,4.03,58,Satisfactory
6/24/2019,Talcher,14.22,54.79,25.82,7.01,32.83,7.59,0.97,23.26,7.11,58,Satisfactory
6/25/2019,Talcher,18.3,76.28,33.55,6.12,37.17,8.04,0.97,24.88,2.16,63,Satisfactory
6/26/2019,Talcher,15.44,65.11,39.81,5.37,47.07,9.42,1.04,23.97,5.83,71,Satisfactory
6/27/2019,Talcher,20.9,94.58,25.84,7.01,32.85,7.61,1.08,22.56,4.39,76,Satisfactory
6/28/2019,Talcher,31.6,111.06,45.17,6.97,34.79,9.79,1.37,23.95,4.5,96,Satisfactory
6/29/2019,Talcher,30.87,132.92,25.03,7.4,32.42,7.56,1.88,25.64,3.4,124,Moderate
6/30/2019,Talcher,20.54,61.42,27.4,6.35,33.75,7.69,1.63,25.7,1.93,100,Satisfactory
07-01-2019,Talcher,25.09,57.48,30.06,5.15,35.21,7.82,1.62,26.38,1.84,82,Satisfactory
07-02-2019,Talcher,18.32,59.72,27.63,7.14,33.9,7.7,0.88,27.14,1.9,83,Satisfactory
07-03-2019,Talcher,19.94,79.01,37.72,6,40.15,8.19,0.75,28.29,2.81,79,Satisfactory
07-04-2019,Talcher,17.26,38.61,41.49,5.62,46.81,8.74,1.53,27.6,1.15,81,Satisfactory
07-05-2019,Talcher,30.92,59.67,33.16,5.13,54.65,9.7,2.08,29.35,1.35,102,Moderate
07-06-2019,Talcher,12.41,37.57,33.87,3.42,37.29,8.06,1.59,29.07,0.31,86,Satisfactory
07-07-2019,Talcher,23.24,76.33,30.41,5.53,35.46,7.86,1.67,29.21,1.3,88,Satisfactory
07-08-2019,Talcher,24.06,105.08,28.84,5.71,34.54,7.78,1.87,30.3,1.21,99,Satisfactory
07-09-2019,Talcher,23.04,113.5,30.53,4.91,35.44,7.86,1.61,31.23,1.41,112,Moderate
07-10-2019,Talcher,18.98,100.29,31.42,4.52,35.93,7.92,1.41,31.64,0.81,100,Satisfactory
07-11-2019,Talcher,15.95,89.91,28.91,5.64,34.56,7.78,1.35,31.65,0.89,99,Satisfactory
07-12-2019,Talcher,23.79,111.89,32.63,6.51,36.78,7.96,1.44,32.02,1.71,97,Satisfactory
7/13/2019,Talcher,27.23,133.84,28.36,5.9,34.25,7.74,1.63,32.92,2.08,116,Moderate
7/14/2019,Talcher,35.48,112,55.81,4.72,46.63,19.74,1.67,34.62,1.8,127,Moderate
7/15/2019,Talcher,29,141.24,30.31,5.03,35.34,7.85,1.55,33.42,2.51,109,Moderate
7/16/2019,Talcher,36.21,197.62,34.18,3.27,37.45,8.06,1.64,33.14,3.9,149,Moderate
7/17/2019,Talcher,43.58,169.03,38.93,1.88,42.42,9.43,1.99,33.98,3,171,Moderate
7/18/2019,Talcher,34.79,140.96,60.6,1.96,50.87,10.53,1.91,34.76,3.73,118,Moderate
7/19/2019,Talcher,9.42,134.52,62.2,1.3,54.73,9.45,1.77,33.78,1.42,123,Moderate
04-04-2019,Thiruvananthapuram,25.46,50.68,0.9,5.51,3.61,2.91,0.79,1.84,49.66,74,Satisfactory
04-05-2019,Thiruvananthapuram,19.34,44.72,1.02,6.03,3.64,2.55,0.74,5.9,42.11,65,Satisfactory
04-06-2019,Thiruvananthapuram,22.06,50.03,0.84,5.6,3.58,2.63,0.76,1.01,42.45,61,Satisfactory
04-07-2019,Thiruvananthapuram,29.36,66.82,0.83,3.86,2.69,3.2,0.63,1.28,51.91,66,Satisfactory
04-08-2019,Thiruvananthapuram,29.4,71.05,0.96,4.31,2.97,3.16,0.7,2.87,47.6,69,Satisfactory
04-09-2019,Thiruvananthapuram,29.84,67.66,0.87,4.12,2.82,2.95,0.84,1.95,49.38,70,Satisfactory
04-10-2019,Thiruvananthapuram,29.96,62.29,0.89,4.54,3.11,2.73,0.89,1.98,54.35,68,Satisfactory
04-11-2019,Thiruvananthapuram,27.02,59.77,0.78,3.83,2.65,2.6,0.85,1.15,58.07,83,Satisfactory
04-12-2019,Thiruvananthapuram,28.08,65.59,0.79,4.4,2.91,2.83,0.86,1.13,46.32,68,Satisfactory
4/13/2019,Thiruvananthapuram,29,60.17,2.7,5.62,3.22,2.97,0.86,1.02,49.61,72,Satisfactory
4/14/2019,Thiruvananthapuram,29.11,60.55,1.62,5.77,3.29,3.06,0.91,2.54,48.69,72,Satisfactory
4/15/2019,Thiruvananthapuram,27.8,54.56,1.62,5.62,3.22,3.05,0.88,2.66,45.55,64,Satisfactory
4/16/2019,Thiruvananthapuram,25.36,51.86,1.62,7.6,4.31,3.11,1.01,1.8,37.88,65,Satisfactory
4/17/2019,Thiruvananthapuram,27.7,56.55,1.56,6.93,3.7,2.87,0.94,1.79,39.21,61,Satisfactory
4/18/2019,Thiruvananthapuram,23.75,44.77,1.13,6.31,3.78,3.23,0.88,0.64,44.07,66,Satisfactory
4/19/2019,Thiruvananthapuram,19.82,42.03,1.48,5.74,3.32,3.13,0.96,0.63,44.89,63,Satisfactory
4/20/2019,Thiruvananthapuram,6.75,32.47,1.66,5.4,3.11,2.74,0.97,1.39,47.52,65,Satisfactory
4/21/2019,Thiruvananthapuram,,28.21,1.53,5.51,3.15,2.42,0.94,1.2,47.61,70,Satisfactory
4/22/2019,Thiruvananthapuram,20.85,41.85,2.03,5.2,3.03,3.2,0.95,1.41,52.09,73,Satisfactory
4/23/2019,Thiruvananthapuram,14.08,28.42,1.56,5.06,2.94,3.5,0.72,1.59,60.65,70,Satisfactory
4/24/2019,Thiruvananthapuram,20.29,40.08,1.62,6.53,3.86,3.5,0.93,2.48,55.08,79,Satisfactory
4/25/2019,Thiruvananthapuram,22.56,44.12,1.54,6.67,3.76,3.22,0.82,4.42,53.82,70,Satisfactory
4/26/2019,Thiruvananthapuram,23.4,53.12,1.09,5.21,3.25,3.13,0.89,2.4,55.52,69,Satisfactory
4/27/2019,Thiruvananthapuram,24.68,59.62,1.2,8.44,4.88,3.11,1.04,0.78,44.53,69,Satisfactory
4/28/2019,Thiruvananthapuram,24.35,59.02,1.5,4.8,2.83,2.88,0.98,3.05,39.2,64,Satisfactory
4/29/2019,Thiruvananthapuram,23.93,56.52,1.06,5.78,12.73,2.8,0.89,2.75,47.45,70,Satisfactory
4/30/2019,Thiruvananthapuram,21.05,49.07,1.53,6.15,3.47,2.65,1.03,2.96,55.71,70,Satisfactory
05-01-2019,Thiruvananthapuram,20.83,49.94,1.48,4.25,2.87,2.69,0.93,2.37,51.43,78,Satisfactory
05-02-2019,Thiruvananthapuram,31.21,87.96,1.01,4.94,12.15,2.63,1.09,3.95,38.65,76,Satisfactory
05-03-2019,Thiruvananthapuram,34.33,103.25,1.65,6.93,3.83,2.47,1.02,2.85,41.05,100,Satisfactory
03-04-2020,Visakhapatnam,50.36,110.01,2.36,37.2,21.24,16.24,1.15,15.6,15.1,127,Moderate
03-05-2020,Visakhapatnam,20.02,47.95,2,20.44,12.38,13.68,0.87,9.65,14.75,69,Satisfactory
03-06-2020,Visakhapatnam,15.11,40.46,2.04,15.5,9.84,13.59,0.67,7.89,12.65,51,Satisfactory
03-07-2020,Visakhapatnam,14.16,36.93,1.94,16.21,10.19,13.02,0.72,8.37,12.72,45,Good
03-08-2020,Visakhapatnam,17.77,71.21,2.32,28.78,16.78,11.79,0.92,11.2,11.12,69,Satisfactory
03-09-2020,Visakhapatnam,19.48,55.45,2.11,23.76,13.74,11.88,0.74,11.35,12,82,Satisfactory
03-10-2020,Visakhapatnam,16.23,46.4,1.86,22.56,13.35,11.3,0.76,8.91,11.86,69,Satisfactory
03-11-2020,Visakhapatnam,19.9,58.97,2.12,24.48,14.45,10.97,0.79,8.65,11.43,64,Satisfactory
03-12-2020,Visakhapatnam,23.84,56.3,2.22,24.28,14.57,12.05,0.67,10.58,12.06,61,Satisfactory
3/13/2020,Visakhapatnam,21.5,51.15,2.17,19.43,11.85,11.74,0.45,8.83,12.81,57,Satisfactory
3/14/2020,Visakhapatnam,29.97,80.28,3.61,27.41,15.55,11.66,0.81,7.98,12.94,82,Satisfactory
3/15/2020,Visakhapatnam,34.29,98.12,2.44,29.32,17.16,12.49,0.87,3.4,14,97,Satisfactory
3/16/2020,Visakhapatnam,50.96,111.92,2.37,31.88,18.72,12.88,0.92,6.89,15.62,103,Moderate
3/17/2020,Visakhapatnam,31.25,113.8,1.96,39.24,22.04,11.4,1.1,6.23,15.2,104,Moderate
3/18/2020,Visakhapatnam,33.01,98.93,7.6,48.77,31.98,10.82,0.96,7.57,15.32,105,Moderate
3/19/2020,Visakhapatnam,43.21,115.14,21.71,53.06,45.87,10.04,1.12,6.84,39.79,134,Moderate
3/20/2020,Visakhapatnam,23.97,67.96,11.37,35.13,27.93,11.38,0.87,11.12,37.46,91,Satisfactory
3/21/2020,Visakhapatnam,20.57,60.98,8.58,33.67,24.88,10.11,0.76,11.08,18.41,66,Satisfactory
3/22/2020,Visakhapatnam,23.57,69.26,12.32,24.78,23.13,10.84,0.66,10.28,19.71,62,Satisfactory
3/23/2020,Visakhapatnam,19.59,42.84,7.82,20.91,17.39,9.44,0.72,9.73,26.65,72,Satisfactory
3/24/2020,Visakhapatnam,39.49,95.32,14.83,40.71,33.71,,0.68,16.72,33.77,98,Satisfactory
3/25/2020,Visakhapatnam,23.9,65.07,8.56,27.06,21.35,,0.83,9.14,19.54,123,Moderate
3/26/2020,Visakhapatnam,21.29,57.46,6.26,25.26,18.53,,0.43,8.2,12.88,69,Satisfactory
3/27/2020,Visakhapatnam,32.71,90.8,7.78,24.99,19.62,4.29,0.11,13.37,36.78,91,Satisfactory
3/28/2020,Visakhapatnam,31.72,85.01,7.15,24.54,18.86,5.33,0.11,11.29,42.06,90,Satisfactory
3/29/2020,Visakhapatnam,22.17,57.42,7.03,22.72,17.81,5.55,0.11,11.33,41.66,86,Satisfactory
3/30/2020,Visakhapatnam,21.62,65.48,6.23,24.02,17.83,5.4,0.11,10.42,59.94,69,Satisfactory
3/31/2020,Visakhapatnam,18.77,52.17,6.65,25.22,18.82,5.64,0.11,8.52,46.99,84,Satisfactory
04-01-2020,Visakhapatnam,30.43,76.29,9.9,33.1,25.65,5.35,0.11,7.39,23.15,64,Satisfactory
04-02-2020,Visakhapatnam,23.81,66.29,13.42,32.49,28.43,6.14,0.11,5.91,9.06,73,Satisfactory
